CREATE TABLE CUSTOMERS
(
    CID           CHAR(6)                PRIMARY KEY,
    CNAME       VARCHAR2(30)        NOT NULL,
    CGENDER     CHAR(1)               NOT NULL
);

INSERT INTO CUSTOMERS VALUES('C00001','HONG','M');
INSERT INTO CUSTOMERS VALUES('C00002','CHOI','M');
INSERT INTO CUSTOMERS VALUES('C00003','LEE','F');
INSERT INTO CUSTOMERS VALUES('C00004','PARK','M');
INSERT INTO CUSTOMERS VALUES('C00005','KIM','F');


CREATE TABLE PRODUCTS
(
    PID           CHAR(6)                PRIMARY KEY,   
    PNAME       VARCHAR2(30)        NOT NULL,
    PPRICE       NUMBER(5)                NOT NULL    --원가
);

INSERT INTO PRODUCTS VALUES('P00001','아이스크림',1000);
INSERT INTO PRODUCTS VALUES('P00002','과자',800);
INSERT INTO PRODUCTS VALUES('P00003','음료수',1600);
INSERT INTO PRODUCTS VALUES('P00004','젤리',1200);
INSERT INTO PRODUCTS VALUES('P00005','샴푸',3000);


CREATE TABLE SALES
(
    CID            CHAR(6)          NOT NULL,
    PID            CHAR(6)          NOT NULL,
    SPRICE        NUMBER(6)      NOT NULL,
    SQTY         NUMBER(4)       NOT NULL,
    SDATE        DATE              NOT NULL
);

INSERT INTO SALES VALUES('C00001', 'P00004', 1500, 3, '2022-01-03');
INSERT INTO SALES VALUES('C00001', 'P00002', 1000, 2, '2022-01-03');
INSERT INTO SALES VALUES('C00001', 'P00001', 1300, 1, '2022-01-03');
INSERT INTO SALES VALUES('C00003', 'P00004', 1500, 1, '2022-01-03');
INSERT INTO SALES VALUES('C00003', 'P00004', 1500, 1, '2022-01-03');
INSERT INTO SALES VALUES('C00004', 'P00005', 4000, 1, '2022-01-03');


INSERT INTO SALES VALUES('C00002', 'P00003', 2000, 3, '2022-01-04');
INSERT INTO SALES VALUES('C00002', 'P00004', 4000, 1, '2022-01-04');
INSERT INTO SALES VALUES('C00002', 'P00004', 4000, 1, '2022-01-04');
INSERT INTO SALES VALUES('C00003', 'P00001', 1500, 5, '2022-01-04');
INSERT INTO SALES VALUES('C00003', 'P00002', 1400, 5, '2022-01-04');
INSERT INTO SALES VALUES('C00003', 'P00003', 2100, 2, '2022-01-04');


INSERT INTO SALES VALUES('C00001', 'P00005', 3900, 2, '2022-01-05');
INSERT INTO SALES VALUES('C00004', 'P00003', 2200, 2, '2022-01-05');
INSERT INTO SALES VALUES('C00002', 'P00002', 1200, 1, '2022-01-05');
INSERT INTO SALES VALUES('C00002', 'P00002', 1200, 1, '2022-01-05');
INSERT INTO SALES VALUES('C00002', 'P00005', 4100, 1, '2022-01-05');


INSERT INTO SALES VALUES('C00003', 'P00001', 1500, 4, '2022-01-06');
INSERT INTO SALES VALUES('C00003', 'P00002', 1300, 1, '2022-01-06');
INSERT INTO SALES VALUES('C00003', 'P00004', 2000, 3, '2022-01-06');
INSERT INTO SALES VALUES('C00004', 'P00001', 1300, 7, '2022-01-06');
INSERT INTO SALES VALUES('C00004', 'P00004', 1500, 3, '2022-01-06');
INSERT INTO SALES VALUES('C00004', 'P00005', 4300, 1, '2022-01-06');
INSERT INTO SALES VALUES('C00004', 'P00002', 1300, 2, '2022-01-06');
INSERT INTO SALES VALUES('C00001', 'P00001', 1400, 8, '2022-01-06');
INSERT INTO SALES VALUES('C00001', 'P00002', 1300, 2, '2022-01-06');


SELECT * FROM CUSTOMERS;
SELECT * FROM PRODUCTS;
SELECT * FROM SALES;
--COMMIT;
